한자,뜻,음
袈,가사,가
苛,가혹하다,가
呵,꾸짖다,가
駕,멍에,가
哥,노래,가
嫁,시집가다,가
稼,심다,가
嘉,아름답다,가
柯,가지,가
迦,부처이름,가
賈,값,가
賈,장사,가
軻,수레,가
伽,절,가
架,시렁,가
佳,아름답다,가
暇,틈,가
暇,겨를,가
街,거리,가
假,거짓,가
價,값,가
加,더하다,가
可,옳다,가
歌,노래,가
家,집,가
殼,껍질,각
恪,삼가다,각
珏,쌍옥,각
却,물리치다,각
脚,다리,각
閣,집,각
覺,깨닫다,각
刻,새기다,각
各,각각,각
角,뿔,각
揀,가리다,간
奸,간사하다,간
癎,간질,간
諫,간언하다,간
墾,개간하다,간
竿,낚싯대,간
澗,산골물,간
艱,어렵다,간
艮,괘이름,간
艮,그치다,간
杆,몽둥이,간
姦,간음하다,간
肝,간,간
懇,간절하다,간
刊,새기다,간
幹,줄기,간
簡,대쪽,간
簡,간략하다,간
干,방패,간
看,보다,간
間,사이,간
褐,갈색,갈
褐,굵은베,갈
喝,꾸짖다,갈
竭,다하다,갈
鞨,오랑캐이름,갈
葛,칡,갈
渴,목마르다,갈
紺,검색,감
疳,감질,감
堪,견디다,감
瞰,굽어 보다,감
柑,귤,감
勘,헤아리다,감
憾,섭섭하다,감
鑑,거울,감
敢,감히,감
敢,구태여,감
甘,달다,감
減,덜다,감
監,보다,감
感,느끼다,감
匣,상자,갑
閘,수문,갑
鉀,갑옷,갑
岬,곶,갑
甲,갑옷,갑
糠,겨,강
薑,생강,강
腔,속이 비다,강
慷,슬프다,강
彊,굳세다,강
岡,산등성이,강
姜,성씨,강
崗,언덕,강
疆,경계,강
鋼,강철,강
剛,굳세다,강
綱,벼리,강
降,내리다,강
降,항복하다,항
講,외우다,강
康,편안하다,강
強,강하다,강
江,강,강
凱,개선하다,개
芥,겨자,개
箇,낱,개
漑,몰을 대다,개
愾,성내다,개
塏,높은 땅,개
价,크다,개
皆,모두,개
慨,슬퍼하다,개
介,끼다,개
槪,대개,개
蓋,덮다,개
個,낱,개
改,고치다,개
開,열다,개
客,손님,객
羹,국,갱
坑,구덩이,갱
醵,추렴하다,거
醵,추렴하다,갹
渠,개천,거
倨,거만하다,거
距,떨어져 있다,거
據,근거,거
拒,막다,거
居,살다,거
巨,크다,거
去,가다,거
擧,들다,거
車,수레,거
車,수레,차
虔,공경하다,건
巾,수건,건
腱,힘줄,건
鍵,자물쇠,건
鍵,열쇠,건
乾,하늘,건
乾,마르다,건
健,굳세다,건
件,물건,건
建,세우다,건
杰,뛰어나다,건
桀,하왕이름,걸
乞,빌다,걸
傑,뛰어나다,걸
劍,칼,검
儉,검소하다,검
檢,검사하다,검
怯,겁내다,겁
劫,위협하다,겁
偈,불시(佛詩),게
揭,높이 들다,게
揭,걸다,게
憩,쉬다,게
膈,가슴,격
檄,격문,격
覡,남자 무당,격
隔,사이뜨다,격
激,격하다,격
擊,치다,격
格,격식,격
繭,고치,견
譴,꾸짖다,견
鵑,두견새,견
甄,질그릇,견
遣,보내다,견
絹,비단,견
肩,어깨,견
牽,이끌다,견
牽,끌다,견
犬,개,견
堅,굳다,견
見,보다,견
見,뵙다,현
訣,이별하다,결
潔,깨끗하다,결
缺,이지러지다,결
決,결단하다,결
結,맺다,결
謙,겸손하다,겸
兼,겸하다,겸
痙,경련,경
磬,경쇠,경
鯨,고래,경
勁,굳세다,경
憬,깨닫다,경
憬,동경하다,경
頸,목,경
脛,정강이,경
莖,줄기,경
梗,줄기,경
梗,막히다,경
儆,경계하다,경
瓊,구슬,경
炅,빛나다,경
璟,옥빛,경
竟,마침내,경
卿,벼슬,경
庚,별,경
硬,굳다,경
耕,밭을 갈다,경
頃,이랑,경
頃,잠깐,경
徑,지름길,경
徑,길,경
鏡,거울,경
更,고치다,경
更,다시,경
傾,거울,경
驚,놀라다,경
慶,경사,경
警,깨우치다,경
境,경계,경
經,지나다,경
經,글,경
輕,가볍다,경
敬,공경하다,경
競,다투다,경
景,빛,경
京,서울,경
悸,두근거리다,계
繫,매다,계
癸,북방,계
癸,천간,계
桂,계수나무,계
械,기계,계
契,맺다,계
溪,시내,계
啓,열다,계
戒,경계하다,계
季,계절,계
鷄,닭,계
階,섬돌,계
系,이어 매다,계
繼,잇다,계
係,매다,계
計,셈하다,계
界,경계,계
痼,고질병,고
膏,기름,고
股,넓적다리,고
叩,두드리다,고
敲,두드리다,고
錮,막다,고
袴,바지,고
呱,울다,고
拷,치다,고
辜,허물,고
皐,언덕,고
雇,품팔다,고
顧,돌아보다,고
枯,마르다,고
鼓,북,고
姑,시어머니,고
稿,원고,고
稿,볏,고
庫,곳집,고
孤,외롭다,고
故,연고,고
告,알리다,고
固,굳다,고
考,생각하다,고
高,높다,고
苦,쓰다,고
古,옛,고
鵠,고니,곡
鵠,과녁,곡
梏,수갑,곡
谷,골짜기,곡
哭,울다,곡
穀,곡식,곡
曲,굽다,곡
袞,곤룡포,곡
昆,맏이,곡
棍,몽둥이,곡
坤,땅,곡
困,어렵다,곡
汨,골몰하다,곡
汨,물이름,멱
骨,뼈,곡
鞏,굳다,공
拱,팔짱을 끼다,공
恭,공손하다,공
恐,두렵다,공
貢,바치다,공
供,이바지하다,공
孔,구멍,공
攻,치다,공
功,공,공
公,공평하다,공
共,함께,공
空,비다,공
工,장인,공
顆,낱알,과
菓,과자,과
菓,실과,과
瓜,오이,과
戈,창,과
誇,자랑하다,과
寡,적다,과
課,공부하다,과
課,과정,과
過,지나다,과
科,과목,과
果,열매,과
廓,둘레,곽
廓,크다,확
槨,밧집,곽
藿,콩잎,곽
藿,미역,곽
郭,둘레,곽
郭,성곽,곽
顴,광대뼈,관
棺,널,관
灌,물을 대다,관
串,꿰다,관
串,땅이름,관
琯,옥피리,관
款,항목,관
冠,갓,관
貫,꿰다,관
寬,너그럽다,관
慣,익숙하다,관
館,집,관
管,대롱,관
管,주관하다,관
官,벼슬,관
關,관계하다,관
觀,보다,관
刮,긁다,괄
括,묶다,괄
壙,뫼구덩이,광
匡,바루다,광
曠,비다,광
胱,오줌통,광
狂,미치다,광
鑛,쇳덩이,광
廣,넓다,광
光,빛,광
卦,점괘,괘
罫,줄,괘
掛,걸다,괘
魁,괴수,괴
乖,어그러지다,괴
拐,후리다,괴
傀,허수아비,괴
槐,회화나무,괴
槐,느티나무,괴
愧,부끄럽다,괴
塊,흙덩이,괴
怪,괴이하다,괴
壞,무너지다,괴
轟,울리다,굉
轟,수레 소리,굉
宏,크다,굉
肱,팔뚝,굉
轎,가마,교
蛟,교룡,교
驕,교만하다,교
狡,교활하다,교
喬,높다,교
皎,달이 밝다,교
咬,물다,교
咬,새소리,교
嬌,아리땁다,교
攪,흔들다,교
僑,더부살이,교
絞,목매다,교
膠,아교,교
郊,들,교
矯,바로잡다,교
較,견주다,교
較,비교하다,교
巧,공교하다,교
橋,다리,교
交,사귀다,교
敎,가르치다,교
校,학교,교
鉤,갈고리,구
嘔,게우다,구
枸,구기자나무,구
柩,널,구
衢,네거리,구
謳,노래,구
溝,도랑,구
寇,도적,구
垢,때,구
毆,때리다,구
灸,뜸,구
廏,마구간,구
駒,망아지,구
矩,모나다,구
矩,법,구
軀,몸,구
鳩,비둘기,구
舅,시아버지,구
舅,외삼촌,구
仇,원수,구
臼,절구,구
嶇,험하다,구
鷗,갈매기,구
歐,구라파,구
歐,치다,구
購,사다,구
邱,언덕,구
玖,옥돌,구
狗,개,구
龜,거북,구
龜,거북,귀
龜,터지다,균
懼,두려워하다,구
驅,몰다,구
苟,진실로,구
苟,구차하다,구
俱,함께,구
丘,언덕,구
久,오래다,구
拘,잡다,구
構,얽다,구
求,구하다,구
句,글귀,구
究,연구하다,구
具,갖추다,구
救,구원하다,구
舊,옛,구
球,공,구
區,구분하다,구
區,경계,구
口,입,구
九,아홉,구
鞠,국문하다,국
鞠,성씨씨,국
菊,국화,국
局,판,국
國,나라,국
窘,군색하다,군
群,무리,군
君,임금,군
郡,고을,군
軍,군사,군
窟,굴,굴
掘,파다,굴
屈,굽히다,굴
躬,몸,궁
穹,하늘,궁
弓,활,궁
窮,다하다,궁
窮,궁하다,궁
宮,집,궁
捲,거두다,권
捲,말다,권
倦,게으르다,권
眷,돌보다,권
圈,우리,권
拳,주먹,권
勸,권하다,권
券,문서,권
卷,책,권
權,권세,권
蹶,일어사다,궐
蹶,넘어지다,궐
闕,대궐,궐
厥,그,궐
櫃,궤짝,궤
潰,무너지다,궤
詭,속이다,궤
几,안석,궤
机,책상,궤
軌,바퀴 자국,궤
鬼,귀신,귀
歸,돌아가다,귀
貴,귀하다,귀
硅,규소,규
逵,길거리,규
葵,아욱,규
葵,해바라기,규
窺,엿보다,규
奎,별,규
圭 ,서옥,규
圭 ,쌍토,규
閨,안방,규
揆,헤아리다,규
珪,홀,규
叫,부르짖다,규
糾,얽히다,규
規,법,규
菌,버섯,균
均,고르다,균
橘,귤,귤
棘,가시,극
剋,이기다,극
戟,창,극
隙,틈,극
克,이기다,극
劇,심하다,극
極,다하다,극
極,극진하다,극
覲,뵙다,근
饉,주리다,근
槿,무궁화,근
瑾,아름다운옥,근
僅,겨우,근
斤,도끼,근
謹,삼가다,근
勤,부지런하다,근
筋,힘줄,근
近 ,가깝다,근
根,뿌리,근
擒,사로잡다,금
襟,옷깃,금
衾,이불,금
琴,거문고,금
錦,비단,금
禽,새,금
禁,금하다,금
今,이제,금
金,쇠,금
金,성,김
扱,거두다,급
扱,꽂다,급
汲,물을 긷다,급
及,미치다,급
給,주다,급
急,급하다,급
級,등급,급
亘,뻗치다,긍
亘,베풀다,선
矜,자랑하다,긍
兢,떨다,긍
肯,즐기다,긍
杞,구기자나무,기
羈,굴레,기
羈,나그네,기
妓,기생,기
朞,돌,기
畸,뙈기밭,기
畸,불구,기
綺,비단,기
譏,비웃을,기
肌,살,기
伎,재간,기
嗜,즐기다,기
崎,험하다,기
岐,갈림길,기
麒,기린,기
耆,늙다,기
沂,물이름,기
淇,물이름,기
棋,바둑,기
冀,바라다,기
璣,별이름,기
琪,아름다운옥,기
琦,옥이름,기
騏,준마,기
驥,천리마,기
箕,키,기
忌,꺼리다,기
幾,몇,기
棄,버리다,기
欺,속이다,기
豈,어찌,기
旣,이미,기
飢,주리다,기
畿,경기,기
其,그,기
企,꾀하다,기
騎,말타다,기
祈,빌다,기
奇,기특하다,기
紀,벼리,기
寄,부치다,기
機,틀,기
器,그릇,기
起,일어나다,기
期,기약하다,기
己,몸,기
汽,물 끓는 김,기
技,재주,기
基,터,기
旗,기,기
記,기록하다,기
氣,기운,기
緊,긴하다,긴
拮,일하다,길
吉,길하다,길
喫,먹다,끽
懦,나약하다,나
拏,잡다,나
拿,잡다,나
儺,푸닥거리다,나
那,어찌,나
諾,허락하다,낙
煖,덥다,난
暖,따듯하다,난
難,어렵다,난
捏,꾸미다,날
捺,누르다,날
男,사내,남
南,남녘,남
衲,깁다,납
納,들이다,납
囊,주머니,낭
娘,아가씨,낭
奈,어찌,내
乃,이에,내
耐,견디다,내
內,안,내
女,계집,녀
撚,비비다,년
年,해,년
涅,열반,녈
念,생각,념
寧,편안,녕
駑,둔할 말,노
弩,쇠뇌,노
奴,종,노
怒,성내다,노
努,힘쓰다,노
膿,고름,농
濃,짙다,농
農,농사,농
惱,번뇌하다,뇌
腦,뇌,뇌
尿,오줌,뇨
撓,휘다,뇨
訥,말을 더듬거리다,눌
紐,맵다,뉴
能,능하다,능
尼,여승,니
泥,진흙,니
匿,숨기다,닉
溺,빠지다,닉
茶,차,다
茶,차,차
多,많다,다
緞,비단,단
蛋,새알,단
簞,소쿠리,단
鍛,쇠 불리다,단
湍,여울,단
但,다만,단
丹,붉다,단
旦,아침,단
段,층계,단
斷,끊다,단
端,끝,단
檀,박달나무,단
單,홀로,단
壇,단,단
團,둥글다,단
短,짧다,단
撻,때리다,달
疸,황달,달
達,통달하다,달
痰,가래,담
澹,맑다,담
憺,참담하다,담
譚,크다,담
譚,말씀,담
曇,흐리다,담
潭,못,담
膽,쓸개,담
淡,맑다,담
擔,메다,담
談,말씀,담
遝,뒤섞이다,답
畓,논,답
踏,밟다,답
答,대답,답
螳,사마귀,당
棠,아가위나무,당
撞,치다,당
塘,못,당
唐,당나라,당
唐,당황하다,당
糖,엿,당
糖,사탕,탕
黨,무리,당
當,마땅,당
堂,집,당
擡,들다,대
袋,자루,대
戴,받들다,대
垈,집터,대
臺,대,대
貸,빌리다,대
貸,뀌다,대
帶,띠,대
隊,무리,대
待,기다리다,대
代,대신하다,대
對,대하다,대
大,크다,대
悳,덕,덕
德,덕,덕
賭,내기,도
堵,담,도
鍍,도금하다,도
濤,물결,도
滔,물이 넘치다,도
蹈,밟다,도
睹,보다,도
禱,빌다,도
淘,쌀을 일다,도
屠,죽이다,도
搗,찧다,도
萄,포도,도
掉,흔들다,도
燾,비치다,도
悼,슬퍼하다,도
挑,돋우다,도
跳,뛰다,도
稻,벼,도
塗,칠하다,도
渡,건너다,도
途,길,도
倒,넘어지다,도
桃,복숭아,도
陶,질그릇,도
刀,칼,도
盜,도둑,도
逃,도망가다,도
徒,무리,도
導,인도하다,도
都,도읍,도
島,섬,도
到,이르다,도
圖,그림,도
度,법,도
度,헤아리다,탁
道,길,도
禿,대머리,독
瀆,도랑,독
瀆,더럽히다,독
篤,도탑다,독
督,감독하다,독
毒,독,독
獨,홀로,독
讀,읽다,독
讀,구절,두
沌,엉기다,돈
惇,도탑다,독
燉,불빛,독
頓,조아리다,돈
敦,도탑다,독
豚,돼지,독
乭,이름,돌
突,갑자기,돌
瞳,눈동자,동
憧,동경하다,동
疼,아프다,동
胴,큰창자,동
胴,몸통,동
棟,마룻대,동
董,바로잡다,동
桐,오동나무,동
凍,얼다,동
銅,구리,동
童,아이,동
冬,겨울,동
洞,골,동
洞,밝다,통
動,움직이다,동
同,한가지,동
東,동녘,동
痘,역질,두
兜,투구,두
兜,도솔천,도
杜,막다,두
斗,말,두
豆,콩,두
頭,머리,두
臀,볼기,둔
遁,숨다,둔
鈍,둔하다,둔
屯,진을 치다,둔
得,얻다,득
橙,귤,등
橙,걸상,등
鄧,나라이름,등
藤,등나무,등
謄,베끼다,등
騰,오르다,등
燈,등불,등
等,무리,등
登,오르다,등
懶,게으르다,라
懶,게으르다,나
癩,문둥이,라
癩,문둥이,나
螺,소라,라
螺,소라,나
邏,순라,라
邏,순라,나
裸,벗다,라
裸,벗다,나
羅,벌리다,라
羅,벌리다,나
駱,낙타,락
駱,낙타,낙
酪,타락,락
酪,타락,낙
烙,지지다,락
烙,지지다,낙
洛,물이름,락
洛,물이름,낙
絡,잇다,락
絡,잇다,낙
絡,얽다,락
絡,얽다,낙
落,떨어지다,락
落,떨어지다,낙
樂,즐기다,락
樂,즐기다,낙
樂,노래,악
樂,좋아하다,요
鸞,난새,란
鸞,난새,난
瀾,물결,란
瀾,물결,난
爛,빛나다,란
爛,빛나다,난
欄,난간,란
欄,난간,난
蘭,난초,란
蘭,난초,난
卵,알,란
卵,알,난
亂,어지럽다,란
亂,어지럽다,난
辣,맵다,랄
辣,맵다,날
剌,발랄하다,랄
剌,발랄하다,날
籃,대바구니,람
籃,대바구니,남
藍,쪽,람
藍,쪽,남
濫,넘치다,람
濫,넘치다,남
覽,보다,람
覽,보다,남
蠟,밀랍,랍
蠟,밀랍,납
臘,섣달,랍
臘,섣달,납
拉,끌다,랍
拉,끌다,납
狼,이리,랑
狼,이리,낭
浪,물결,랑
浪,물결,낭
郞,사내,랑
郞,사내,낭
廊,사랑채,랑
廊,사랑채,낭
廊,행랑,랑
廊,행랑,낭
朗,밝다,랑
朗,밝다,낭
萊,명아주,래
萊,명아주,내
來,오다,래
來,오다,내
冷,차다,랭
冷,차다,냉
掠,노략질하다,략
略,간략하다,량
略,약하다,량
粱,기장,량
倆,재주,량
樑,들보,량
亮,밝다,량
輛,수레,량
諒,살펴 알다,량
諒,믿다,량
梁,들보,량
梁,돌다리,량
涼,서늘하다,량
糧,양식,량
兩,두,량
良,어질다,량
量,헤아리다,량
濾,거르다,려
黎,검다,려
閭,마을,려
戾,어그러지다,려
侶,짝,려
驪,검은 말,려
驪,검은 말,리
廬,오두막집,려
呂,법칙,려
呂,성씨,려
礪,숫돌,려
勵,힘쓰다,려
慮,생각하다,려
麗,곱다,려
旅,나그네,려
瀝,스미다,력
礫,조약돌,력
曆,책력,력
歷,지나다,력
力,힘,력
輦,가마,련
煉,달구다,련
漣,잔물결,련
憐,불쌍히여기다,련
戀,그리워하다,련
戀,그리다,련
鍊,쇠를 불리다,련
鍊,단련하다,련
蓮,연꽃,련
聯,연잇다,련
連,잇다,련
練,익히다,련
劣,못하다,렬
裂,찢어지다,렬
烈,맵다,렬
列,벌리다,렬
斂,거두다,렴
簾,발,렴
殮,염하다,렴
濂,물이름,렴
廉,청렴하다,렴
獵,사냥,렵
齡,나이,령
鈴,방울,령
囹,옥,령
逞,쾌하다,령
玲,옥소리,령
零,떨어지다,령
零,영,령
嶺,고개,령
靈,신령,령
領,거느리다,령
令,하여금,령
醴,단술,례
隷,종,례
例,법식,례
禮,예도,례
撈,건지다,로
撈,건지다,노
擄,노략질하다,로
擄,노략질하다,노
虜,사로잡다,로
虜,사로잡다,노
蘆,갈대,로
蘆,갈대,노
魯,노나라,로
魯,노나라,노
魯,노둔하다,로
魯,노둔하다,노
盧,성씨,로
盧,성씨,노
鷺,해오라기,로
鷺,해오라기,노
鷺,백로,로
鷺,백로,노
露,이슬,로
露,이슬,노
爐,화로,로
爐,화로,노
勞,일하다,로
勞,일하다,노
路,길,로
路,길,노
老,늙다,로
老,늙다,노
麓,산기슭,록
麓,산기슭,녹
碌,푸른 돌,록
碌,푸른 돌,녹
鹿,사슴,록
鹿,사슴,녹
祿,녹,록
祿,녹,녹
錄,기록하다,록
錄,기록하다,녹
綠,푸르다,록
綠,푸르다,녹
論,논하다,론
論,논하다,논
聾,귀먹다,롱
聾,귀먹다,농
壟,밭도둑,롱
壟,밭도둑,농
瓏,옥소리,롱
瓏,옥소리,농
籠,대바구니,롱
籠,대바구니,농
弄,희롱하다,롱
弄,희롱하다,농
儡,꼭두각시,뢰
儡,꼭두각시,뇌
賂,뇌물,뢰
賂,뇌물,뇌
磊,돌무더기,뢰
磊,돌무더기,뇌
牢,우리,뢰
牢,우리,뇌
雷,우레,뢰
雷,우레,뇌
賴,의뢰하다,뢰
賴,의뢰하다,뇌
寮,동관,료
瞭,밝다,료
聊,애오라지,료
燎,횃불,료
遼,멀다,료
療,병을 고치다,료
僚,동료,료
寥,쓸쓸하다,료
了,마치다,료
料,헤아리다,료
龍,용,룡
陋,더럽다,루
陋,더럽다,누
壘,보루,루
壘,보루,누
淚,눈물,루
淚,눈물,누
屢,여러,루
屢,여러,누
樓,다락,루
樓,다락,누
漏,새다,루
漏,새다,누
累,여러,루
累,여러,누
累,자루,루
累,자루,누
琉,유리,류
溜,처마물,류
瘤,혹,류
謬,그르치다,류
硫,유황,류
劉,죽이다,류
劉,성씨,류
柳,버들나무,류
留,머무르다,류
類,무리,류
流,흐르다,류
戮,죽이다,륙
陸,땅,륙
六,여섯,륙
綸,벼리,륜
淪,빠지다,륜
崙,산이름,륜
倫,인륜,륜
輪,바퀴,륜
慄,떨리다,률
栗,밤,률
率,비율,률
率,거느리다,솔
律,법칙,률
隆,높다,륭
肋,갈빗대,륵
肋,갈빗대,늑
勒,굴레,륵
勒,굴레,늑
凜,차다,름
凜,차다,늠
菱,마름,릉
菱,마름,능
稜,모나다,릉
稜,모나다,능
綾,비단,릉
綾,비단,능
凌,업신여기다,릉
凌,업신여기다,능
楞,네모지다,릉
楞,네모지다,능
陵,언덕,릉
陵,언덕,능
罹,걸리다,리
釐,다스리다,리
裡,속,리
俚,속되다,리
悧,영리하다,리
籬,울타리,리
痢,이질,리
梨,배나무,리
履,밟다,리
吏,벼슬아치,리
吏,관리,리
裏,속,리
離,떠나다,리
理,다스리다,리
李,오얏나무,리
李,성씨,리
利,이롭다,리
里,마을,리
燐,도깨비불,린
鱗,비늘,린
吝,아끼다,린
躪,짓밟다,린
麟,기린,린
隣,이웃,린
淋,임질,림
臨,임하다,림
林,수풀,림
粒,낟알,립
笠,삿갓,립
立,서다,립
魔,마귀,마
摩,문지르다,마
痲,저리다,마
磨,갈다,마
麻,삼,마
馬,말,마
寞,고요하다,막
膜,꺼풀,막
膜,막,막
漠,넓다,막
莫,없다,막
幕,장막,막
彎,굽다,만
輓,끌다,만
輓,애도하다,만
挽,당기다,만
蔓,덩굴,만
卍,만,만
饅,만두,만
鰻,뱀장어,만
瞞,속이다,만
娩,낳다,만
灣,물굽이,만
蠻,오랑캐,만
慢,거만하다,만
漫,흩어지다,만
晩,늦다,만
滿,차다,만
萬,일만,만
沫,물거품,말
襪,버선,말
抹,지우다,말
靺,말갈,말
末,끝,말
芒,가끄라기,망
惘,멍하다,망
網,그물,망
忙,바쁘다,망
茫,아득하다,망
罔,없다,망
忘,잊다,망
妄,망령되다,망
亡,망하다,망
望,바라다,망
邁,가다,매
煤,그을음,매
罵,꾸짖다,매
昧,어둡다,매
呆,어리석다,매
寐,자다,매
枚,낱,매
魅,매혹하다,매
埋,묻다,매
梅,매실나무,매
媒,중매,매
妹,누이,매
買,사다,매
賣,팔다,매
每,매양,매
貊,맥국,맥
麥,보리,맥
脈,줄기,맥
萌,움,맹
孟,맏이,맹
盟,맹세,맹
猛,사납다,맹
盲,소경,맹
盲,눈이 멀다,맹
覓,찾다,멱
眄,곁눈질하다,면
麪,국수,면
緬,멀다,면
棉,목화,면
冕,면류관,면
沔,물이름,면
沔,빠지다,면
俛,힘쓰다,면
俛,구푸리다,면
免,면하다,면
綿,솜,면
眠,자다,면
勉,힘쓰다,면
面,낯,면
蔑,업신여기다,멸
滅,꺼지다,멸
滅,멸하다,멸
皿,그릇,명
螟,멸구,명
溟,바다,명
酩,술에 취하다,명
暝,저물다,명
冥,어둡다,명
銘,새기다,명
鳴,울다,명
明,밝다,명
命,목숨,명
名,이름,명
袂,소매,몌
摸,더듬다,모
糢,모호하다,모
耗,소모하다,모
牡,수컷,모
謨,꾀,모
茅,띠,모
帽,모자,모
牟,성씨,모
牟,보리,모
矛,창,모
募,모으다,모
募,뽑다,모
冒,무릅쓰다,모
某,아무,모
侮,업신여기다,모
暮,저물다,모
慕,그리다,모
謀,꾀,모
貌,모양,모
模,본뜨다,모
毛,털,모
母,어미,모
沐,머리감다,목
穆,화목하다,목
睦,화목하다,목
牧,치다,목
目,눈,목
木,나무,목
歿,죽다,몰
沒,빠지다,몰
夢,꿈,몽
蒙,어둡다,몽
猫,고양이,묘
描,그리다,묘
杳,아득하다,묘
渺,아득하다,묘
渺,물이 질펀하다,묘
昴,별이름,묘
苗,싹,묘
廟,사당,묘
卯,토끼,묘
妙,묘하다,묘
墓,무덤,묘
蕪,거칠다,무
毋,말다,무
巫,무당,무
誣,속이다,무
撫,어루만지다,무
憮,어루만지다,무
拇,엄지손가락,무
畝,밭이랑,무
畝,밭이랑,묘
霧,안개,무
戊,천간,무
茂,무성하다,무
貿,무역하다,무
舞,춤추다,무
武,호반,무
務,힘쓰다,무
無,없다,무
墨,먹,묵
默,잠잠하다,묵
蚊,모기,문
汶,물이름,문
紊,어지럽다,문
紊,문란하다,문
紋,무늬,문
聞,듣다,문
文,글월,문
問,묻다,문
門,문,문
勿,말,물
物,물건,물
靡,쓰러지다,미
媚,아첨하다,미
媚,예쁘다,미
薇,장미,미
彌,미륵,미
彌,오래다,미
眉,눈썹,미
迷,미혹하다,미
尾,꼬리,미
微,작다,미
味,맛,미
未,아니다,미
米,쌀,미
美,아름답다,미
悶,답답하다,민
閔,성씨,민
玟,아름다운 돌,민
珉,옥돌,민
旻,하늘,민
旼,화하다,민
憫,민망하다,민
敏,민첩하다,민
民,백성,민
謐,고요하다,밀
蜜,꿀,밀
密,빽빽하다,밀
駁,논박하다,박
搏,두드리다,박
箔,발,박
剝,벗기다,박
樸,순박하다,박
縛,얽다,박
粕,술지게미,박
撲,치다,박
膊,팔뚝,박
珀,호박,박
舶,배,박
泊,머무르다,박
泊,배대다,박
薄,엷다,박
迫,핍박하다,박
拍,치다,박
博,넓다,박
朴,성씨,박
頒,나누다,반
攀,더위 잡다,반
畔,밭두둑,반
礬,백반,반
拌,버리다,반
蟠,서리다,반
斑,아롱지다,반
絆,얽어매다,반
槃,쟁반,반
磻,반계,반
磻,반계,번
潘,성씨,반
搬,옮기다,반
返,돌이키다,반
叛,배반하다,반
伴,짝,반
般,가지,반
般,일반,반
飯,밥,반
盤,소반,반
班,나누다,반
反,돌이키다,반
反,돌아오다,반
半,반,반
魃,가물다,발
勃,노하다,발
撥,다스리다,발
潑,물을 뿌리다,발
跋,밟다,발
醱,술을 괴다,발
渤,바다이름,발
鉢,바리때,발
拔,뽑다,발
髮,털,발
發,피다,발
肪,기름,방
枋,다목,방
幇,돕다,방
坊,동네,방
昉,밝다,방
榜,방을 붙이다,방
尨,삽살개,방
膀,오줌통,방
謗,헐뜯다,방
彷,헤매다,방
旁,곁,방
紡,길쌈,방
龐,높은 집,방
傍,곁,방
邦,나라,방
倣,본뜨다,방
芳,꽃답다,방
妨,방해하다,방
防,막다,방
房,방,방
訪,찾다,방
放,놓다,방
方,모,방
陪,모시다,배
湃,물결치다,배
胚,아기를 배다,배
徘,어정거리다,배
賠,물어 주다,배
俳,광대,배
裵,성씨,배
杯,잔,배
輩,무리,배
排,밀치다,배
培,북돋다,배
配,나누다,배
配,짝,배
背,등,배
拜,절,배
倍,곱,배
魄,넋,백
帛,비단,백
柏,측백나무,백
伯,맏이,백
百,일백,백
白,흰,백
蕃,우거지다,번
藩,울타리,번
煩,번거롭다,번
飜,번역하다,번
繁,번성하다,번
番,차례,번
筏,뗏목,벌
閥,문벌,벌
罰,벌하다,벌
伐,치다,벌
氾,넘치다,벌
帆,돛,벌
泛 ,뜨다,범
梵,불경,범
汎,넓다,범
范,성씨,범
凡,무릇,범
犯,범하다,범
範,법,범
法,법,법
璧,구슬,벽
癖,버릇,벽
擘,엄지손가락,벽
闢,열다,벽
劈,쪼개다,벽
僻,궁벽하다,벽
碧,푸르다,벽
壁,벽,벽
弁,고깔,변
卞,성씨,변
辨,분별하다,변
辯,말씀,변
邊,가,변
變,변하다,변
瞥,눈 깜짝하다,별
鼈,자라,별
別,다르다,별
別,나누다,별
餠,떡,병
甁,병,병
昺,밝다,병
昞,밝다,병
炳,불꽃,병
倂,아우르다,병
柄,자루,병
秉,잡다,병
竝,나란하다,병
屛,병풍,병
丙,남녘,병
兵,병사,병
病,병,병
洑,보,보
洑,스며흐르다,복
菩,보살,보
堡,작은 성,보
輔,돕다,보
潽,물이름,보
甫,크다,보
補,기울다,보
譜,족보,보
普,넓다,보
報,갚다,보
報,알리다,보
步,걸음,보
寶,보배,보
保,지키다,보
匐,기다,보
輻,바퀴살,보
輻,바퀴살,폭
鰒,전복,복
僕,종,복
馥,향기,복
卜,점,복
覆,다시,복
覆,덮다,부
腹,배,복
複,겹치다,복
伏,엎드리다,복
復,회복하다,복
復,다시,부
福,복,복
服,옷,복
本,근본,복
棒,막대,봉
捧,받들다,봉
烽,봉화,봉
鋒,칼날,봉
縫,꿰매다,봉
俸,녹,봉
蓬,쑥,봉
蜂,벌,봉
逢,만나다,봉
鳳,봉황,봉
峯,봉우리,봉
封,봉하다,봉
奉,받들다,봉
俯,구부리다,부
斧,도끼,부
訃,부고,부
埠,부두,부
駙,부마,부
賻,부의,부
咐,분부하다,부
咐,불다,부
孵,알을 까다,부
芙,연꽃,부
腑,육부,부
剖,쪼개다,부
釜,가마,부
膚,살갗,부
傅,스승,부
阜,언덕,부
敷,펴다,부
赴,다다르다,부
赴,가다,부
扶,돕다,부
浮,뜨다,부
簿,문서,부
賦,부세,부
付,부치다,부
符,부호,부
附,붙다,부
腐,썩다,부
否,아니다,부
負,지다,부
府,마을,부
婦,며느리,부
副,버금,부
富,부자,부
部,떼,부
夫,지아비,부
父,아비,부
北,북녘,북
北,달아나다,배
扮,꾸미다,분
雰,눈이 날리다,분
盆,동이,분
糞,똥,분
吩,분부하다,분
焚,불사르다,분
噴,뿜다,분
忿,성내다,분
芬,향기,분
墳,무덤,분
奔,달리다,분
奮,떨치다,분
紛,어지럽다,분
粉,가루,분
憤,분하다,분
分,나누다,분
彿,비슷하다,불
弗,아니다,불
弗,말다,불
拂,떨치다,불
佛,부처,불
不,아니다,불
繃,묶다,붕
硼,붕사,붕
棚,사다리,붕
鵬,새,붕
崩,무너지다,붕
朋,벗,붕
憊,고단하다,붕
沸,끓다,비
沸,용솟음하다,불
鄙,더럽다,비
庇,덮다,비
裨,돕다,비
翡,물총새,비
蜚,바퀴,비
蜚,날다,비
緋,비단,비
砒,비상,비
匕,비수,비
譬,비유하다,비
琵,비파,비
扉,사립문,비
痺,저리다,비
妣,죽은 어미,비
脾,지라,비
秕,쭉정이,비
臂,팔,비
誹,헐뜯다,비
毘,돕다,비
泌,분비하다,비
泌,스며흐르다,필
匪,비적,비
毖,삼가다,비
丕,크다,비
婢,계집종,비
卑,낮다,비
肥,살찌다,비
妃,왕비,비
碑,비석,비
批,비평하다,비
祕,숨기다,비
備,갖추다,비
飛,날다,비
悲,슬프다,비
非,아니다,비
比,견주다,비
費,쓰다,비
鼻,코,비
嬪,궁녀 벼슬 이름,빈
濱,물가,빈
瀕,물가,빈
瀕,가깝다,빈
殯,빈소,빈
嚬,찡그리다,빈
彬,빛나다,빈
賓,손님,빈
頻,자주,빈
貧,가난하다,빈
憑,비기다,빙
聘,부르다,빙
氷,얼음,빙
馮,타다,빙
馮,성씨,풍
蓑,도롱이,사
紗,비단,사
祠,사당,사
獅,사자,사
奢,사치하다,사
麝,사향노루,사
瀉,쏟다,사
徙,옮기다,사
嗣,잇다,사
些,적다,사
娑,춤추다,사
娑,사바세상,사
飼,기르다,사
泗,물이름,사
唆,부추기다,사
赦,용서하다,사
似,닮다,사
巳,뱀,사
捨,버리다,사
詐,속이다,사
斯,이,사
賜,주다,사
邪,간사하다,사
蛇,긴 뱀,사
詞,말,사
詞,글,사
司,맡다,사
沙,모래,사
斜,비끼다,사
祀,제사,사
辭,말씀,사
私,사사롭다,사
絲,실,사
射,쏘다,사
謝,사례하다,사
師,스승,사
寺,절,사
舍,집,사
寫,베끼다,사
史,역사,사
思,생각하다,사
士,선비,사
仕,섬기다,사
査,조사하다,사
社,모이,사
死,죽다,사
使,하여금,사
使,부리다,사
事,일,사
四,넉,사
朔,초하루,삭
削,깎다,삭
刪,깎다,산
疝,산증,산
珊,산호,산
酸,시다,산
傘,우산,산
散,흩어지다,산
産,낳다,산
算,셈하다,산
山,메,산
薩,보살,살
撒,뿌리다,살
煞,죽이다,살
殺,죽이다,살
殺,감하다,쇄
殺,빠르다,쇄
蔘,인삼,삼
森,수풀,삼
三,석,삼
滲,스미다,삼
澁,떫다,삽
揷,꽂다,삽
翔,날다,상
爽,시원하다,상
觴,잔,상
孀,홀어미,상
箱,상자,상
庠,학교,상
嘗,맛보다,상
祥,상서롭다,상
償,갚다,상
像,모양,상
桑,뽕나무,상
霜,서리,상
尙,오히려,상
喪,잃다,상
詳,자세하다,상
裳,치마,상
傷,다치다,상
象,코끼리,상
常,떳떳하다,상
床,상,상
想,생각,상
狀,형상,상
狀,문서,장
賞,상주다,상
相,서로,상
商,장사,상
上,위,상
璽,옥새,새
嗇,아끼다,색
塞,막히다,색
塞,변방,새
索,찾다,색
索,새끼줄,삭
色,빛,색
甥,생질,생
牲,희생,생
生,살다,생
薯,감자,서
黍,기장,서
棲,깃들다,서
犀,무소,서
壻,사위,서
曙,새벽,서
胥,서로,서
嶼,섬,서
鼠,쥐,서
抒,풀다,서
瑞,상서롭다,서
舒,펴다,서
逝,가다,서
暑,덥다,서
誓,맹세하다,서
庶,여러,서
敍,펴다,서
署,마을,서
緖,실마리,서
恕,용서하다,서
徐,천천히 가다,서
序,차례,서
書,글,서
西,서녘,서
潟,개펄,석
晳,밟다,석
錫,주석,석
碩,크다,석
奭,크다,석
奭,쌍백,석
昔,예,석
析,쪼개다,석
惜,아끼다,석
釋,풀다,석
石,돌,석
席,자리,석
夕,저녁,석
銑,무쇠,선
羨,부러워하다,선
羨,무덤길,연
扇,부채,선
煽,부채질하다,선
腺,샘,선
膳,선물,선
膳,반찬,선
瑄,구슬,선
繕,깁다,선
璇,도리옥,선
璿,옥,선
旋,돌다,선
禪,참선,선
宣,베풀다,선
選,가리다,선
鮮,곱다,선
船,배,선
仙,신선,선
善,착하다,선
線,줄,선
先,먼저,선
屑,가루,설
洩,새다,설
洩,퍼지다,예
泄,새다,설
渫,파내다,설
卨,사람이름,설
薛,성씨,설
舌,혀,설
設,베풀다,설
說,말씀,설
說,달래다,세
雪,눈,설
殲,다 죽이다,섬
閃,번쩍이다,섬
纖,가늘다,섬
蟾,두꺼비,섬
陝,땅이름,섬
暹,햇살 치미다,섬
暹,나라이름,섬
燮,불꽃,섭
涉,건너다,섭
攝,다스리다,섭
攝,잡다,섭
醒,깨다,성
晟,밝다,성
星,별,성
聖,성인,성
盛,성하다,성
聲,소리,성
城,성,성
誠,정성,성
性,성품,성
省,살피다,성
省,덜다,생
成,이루다,성
姓,성,성
貰,세놓다,세
細,가늘다,세
稅,세금,세
勢,형세,세
洗,씻다,세
歲,해,세
世,세상,세
遡,거스르다,소
搔,긁다,소
甦,깨어나다다,소
逍,노닐다,소
宵,밤,소
疎,성기다,소
蕭,쓸쓸하다,소
梳,얼레빗,소
簫,퉁소,소
瘙,피부병,소
塑,흙 빚다,소
邵,성씨씨,소
邵,성씨,소
沼,못,소
巢,새집,소
紹,잇다,소
蔬,나물,소
騷,떠들다,소
昭,밝다,소
召,부르다,소
蘇,되살아나다,소
燒,불사르다,소
疏,소통하다,소
訴,호소하다,소
素,본디,소
素,희다,소
掃,쓸다,소
笑,웃음,소
消,사라지다,소
所,바,소
少,적다,소
小,작다,소
贖,속죄하다,속
粟,조,속
屬,붙이다,속
續,잇다,속
俗,풍속,속
束,묶다,속
速,빠르다,속
遜,겸손하다,손
損,덜다,손
孫,손자,손
悚,두렵다,송
宋,송나라,송
誦,외다,송
訟,소송하다,송
頌,기리다,송
頌,칭송하다,송
松,소나무,송
送,소내다,송
碎,부수다,쇄
灑,뿌리다,쇄
鎖,쇄사슬,쇄
刷,인쇄하다,쇄
衰,쇠하다,쇄
酬,갚다,수
蒐,모으다,수
羞,부끄럽다,수
髓,골수,수
狩,사냥하다,수
竪,세우다,수
袖,소매,수
繡,수놓다,수
戍,수자리,수
粹,순수하다,수
瘦,여위다,수
讎,원수,수
穗,이삭,수
嫂,형수,수
洙,물가,수
隋,수나라,수
銖,저울눈,수
囚,가두다,수
誰,누구,수
遂,드디어,수
須,모름지기,수
雖,비록,수
睡,졸음,수
搜,찾다,수
愁,근심,수
殊,다르다,수
垂,드리우다,수
隨,따르다,수
壽,목숨,수
輸,보내다,수
需,쓰이다,수
需,쓰다,수
帥,장수,수
獸,짐승,수
秀,빼어나다,수
收,거두다,수
修,닦다,수
受,받다,수
授,주다,수
守,지키다,수
首,머리,수
樹,나무,수
數,셈하다,수
手,손,수
水,물,수
塾,글방,숙
夙,이르다,숙
菽,콩,숙
孰,누구,숙
淑,맑다,숙
熟,익다,숙
叔,아재비,숙
肅,엄숙하다,숙
宿,자다,숙
宿,별자리,수
馴,길들이다,순
醇,전국술,순
筍,죽순,순
盾,방패,순
淳,순박하다,순
舜,순임금,순
珣,옥이름,순
洵,참으로,순
荀,풀이름,순
循,돌다,순
殉,따라 죽다,순
脣,입술,순
瞬,눈깜짝이다,순
巡,돌다,순
巡,순행하다,순
旬,열흘,순
純,순수하다,순
順,순하다,순
戌,개,술
述,펴다,술
術,재주,술
崇,높다,숭
膝,무릎,슬
瑟,큰 거문고,슬
襲,엄습하다,습
濕,젖다,습
拾,줍다,습
拾,열,십
習,익히다,습
丞,정승,승
繩,노끈,승
升,되,승
昇,오르다,승
僧,중,승
乘,타다,승
承,잇다,승
勝,이기다,승
柿,감나무,시
匙,숟가락,시
豺,승냥이,시
猜,시기하다,시
媤,시집,시
諡,시호,시
弑,윗사람을 죽이다,시
柴,섶,시
屍,주검,시
矢,화살,시
侍,모시다,시
施,베풀다,시
視,보다,시
詩,시,시
試,시험,시
是,이,시
是,옳다,시
示,보이다,시
始,비로소,시
時,때,시
市,저자,시
熄,불꺼지다,식
拭,씻다,식
蝕,좀먹다,식
湜,묽이 맑다,식
殖,불리다,식
軾,수레 가로나무,식
飾,꾸미다,식
息,쉬다,식
識,알다,식
識,기록하다,지
式,법,식
食,밥,식
食,먹다,식
植,심다,식
宸,대궐,신
訊,묻다,신
燼,불탄 끝,신
迅,빠르다,신
薪,섶,신
娠,아이를 배다,신
呻,읊조리다,신
蜃,큰 조개,신
紳,띠,신
腎,콩팥,신
辛,맵다,신
晨,새벽,신
伸,펴다,신
愼,삼가다,신
申,납,신
臣,신하,신
神,귀신,신
身,몸,신
信,믿다,신
新,새롭다,신
悉,다,실
實,열매,실
失,잃다,실
室,집,실
瀋,즙을 내다,심
瀋,물이름,심
尋,찾다,심
審,살피다,심
甚,심하다,심
深,깊다,심
心,마음,심
什,열 사람,십
什,세간,집
十,열,십
雙,두,쌍
雙,쌍,쌍
氏,각시,씨
氏,성씨,씨
衙,마을,아
啞,벙어리,아
俄,아까,아
訝,의심하다,아
餓,주리다,아
我,나,아
雅,맑다,아
亞,버금가다,아
芽,싹,아
牙,어금니,아
阿,언덕,아
兒,아이,아
愕,놀라다,악
顎,턱,악
堊,흰 흙,악
握,쥐다,악
岳,큰 산,악
惡,악하다,악
惡,미워하다,오
按,누르다,안
晏,늦다,안
鞍,안장,안
雁,기러기,안
顔,낯,안
岸,언덕,안
眼,눈,안
案,책상,안
安,편안,안
斡,돌다,알
軋,삐걱거리다,알
閼,막다,알
謁,뵈다,알
闇,숨다,암
庵,암자,암
癌,암,암
巖,바위,암
暗,어둡다,암
鴨,오리,압
押,누르다,압
壓,누르다,압
昂,높다,앙
秧,모,앙
怏,원망하다,앙
鴦,원앙,앙
殃,재앙,앙
央,가운데,앙
仰,우러르다,앙
靄,아지랑이,애
崖,언덕,애
隘,좁다,애
曖,희미하다,애
礙,거리끼다,애
艾,쑥,애
埃,티끌,애
涯,물가,애
哀,슬프다,애
愛,사랑,애
腋,겨드랑이,액
縊,목매다,액
扼,잡다,액
厄,액운,액
額,이마,액
液,진,액
鶯,꾀꼬리,앵
櫻,앵두나무,앵
爺,아비,야
揶,야유하다,야
冶,풀무,야
倻,가야,야
惹,이끌다,야
耶,어조사,야
也,이끼,야
也,어조사,야
野,들,야
夜,밤,야
葯,꽃밥,약
躍,뛰다,약
若,같다,약
若,반야,야
約,맺다,약
藥,약,약
弱,약하다,약
瘍,가렵다,양
攘,물리치다,양
恙,병,양
恙,근심하다,양
釀,술을 빚다,양
癢,헐다,양
襄,돕다,양
孃,아가씨,양
楊,버드나무,양
揚,날리다,양
讓,사양하다,양
壤,흙덩이,양
樣,모양,양
羊,양,양
養,기르다,양
陽,볕,양
洋,큰 바다,양
禦,막다,어
瘀,어혈질,어
圄,옥,어
於,어조사,어
於,탄식하다,오
御,거느리다,어
漁,고기잡다,어
魚,고기,어
魚,물고기,어
語,말씀,어
臆,가슴,억
抑,누르다,억
憶,생각하다,억
億,억,억
堰,둑,언
諺,언문,언
諺,속담,언
彦,선비,언
焉,어찌,언
言,말씀,언
掩,가리다,엄
奄,문득,엄
儼,엄연하다,엄
嚴,어마다,엄
業,일,엄
余,나,여
予,나,여
汝,너,여
輿,수레,여
與,더불다,여
與,주다,여
如,같다,여
餘,남다,여
繹,풀다,역
亦,또,역
譯,번역하다,역
役,부리다,역
驛,역,역
疫,전염병,역
易,바꾸다,역
易,쉽다,이
域,경계,역
逆,거스르다,역
筵,대자리,연
捐,버리다,연
椽,서까래,연
鳶,솔개,연
姸,곱다,연
衍,넓다,연
淵,못,연
硯,벼루,연
沿,물을 따라가다,연
沿,따르다,연
軟,연하다다,연
宴,잔치,연
燕,제비,연
鉛,납,연
延,늘이다,연
緣,인연,연
燃,타다,연
硏,갈다,연
煙,연기,연
演,펴다,연
然,그렇다,연
閱,보다,열
悅,기쁘다,열
熱,덥다,열
艶,곱다,염
焰,불꽃,염
閻,마을,염
厭,싫어하다,염
染,물들다,염
炎,불꽃,염
鹽,소금,염
燁,빛나다,엽
葉,잎,엽
嬰,어린아이,영
暎,비치다,영
瑛,옥빛,영
盈,차다,영
詠,읊다,영
泳,헤엄치다,영
影,그림자,영
營,경영하다,영
迎,맞다,영
映,비치다,영
榮,영화,영
永,길다,영
英,꽃부리,영
曳,끌다,예
穢,더럽다,예
詣,이르다,예
裔,후손,예
預,맡기다,예
預,미리,예
芮,성씨,예
睿,슬기,예
濊,종족이름,예
銳,날카롭다,예
譽,기리다,예
譽,명예,예
豫,미리,예
藝,재주,예
奧,깊다,오
伍,다섯 사람,오
寤,잠을 깨다,오
懊,괴로워하다,오
墺,물가,오
吳,성씨,오
梧,오동나무,오
傲,거만하다,오
吾,나,오
汚,더럽다,오
嗚,슬프다,오
娛,즐기다,오
烏,까마귀,오
悟,깨닫다,오
誤,그르치다,오
午,낮,오
五,다섯,오
沃,기름지다,옥
鈺,보배,옥
獄,감옥,옥
玉,구슬,옥
屋,집,옥
蘊,쌓다,온
穩,편안하다,온
溫,따뜻하다,온
壅,막다,옹
甕,독,옹
邕,막히다,옹
雍,화하다,옹
擁,끼다,옹
翁,늙은이,옹
訛,그릇되다,와
蝸,달팽이,와
渦,소용돌이,와
臥,눕다,와
瓦,기와,와
阮,성씨,완
婉,순하다,완
婉,아름답다,완
頑,완고하다,완
宛,완연하다,완
玩,즐기다,완
腕,팔뚝,완
莞,빙그레하다,완
莞,왕골,왕
緩,느리다,완
完,완전하다,완
曰 ,말하다,왈
枉,굽다,왕
汪,넓다,왕
旺,왕성하다,왕
往,가다,왕
王,임금,왕
矮,난쟁이,왕
歪,기울다,왕
歪,기울다,외
倭,왜나라,왜
巍,높고 크다,외
猥,외람하다,외
畏,두려워하다,외
外,바깥,외
窈,고요하다,요
窯,기와가마,요
饒,넉넉하다,요
邀,맞다,요
擾,시끄럽다,요
凹,오목하다,요
僥,요행,요
拗,우기다,요
夭,일찍 죽다,요
耀,빛나다,요
姚,예쁘다,요
妖,요사하다,요
堯,요임금,요
遙,멀다,요
腰,허리,요
搖,흔들다,요
謠,노래,요
曜,빛나다,요
要,요긴하다,요
辱,욕되다,욕
慾,욕심,욕
欲,하고자 하다,욕
浴,목욕하다,욕
踊,뛰다,용
涌,물이 솟다,용
聳,솟다,용
蓉,연꽃,용
茸,풀이 나다,용
茸,버섯,이
溶,녹다,용
熔,녹다,용
鎔,쇠를 녹이다,용
鏞,쇠북,용
瑢,패옥소리,용
傭,품을 팔다,용
庸,떳떳하다,용
容,얼굴,용
勇,날래다,용
用,쓰다,용
隅,모퉁이,우
寓,부치다,우
嵎,산굽이,우
迂,에돌다,우
虞,염려하다,우
虞,나라이름,우
佑,돕다,우
祐,복,우
禹,성씨,우
尤,더욱,우
又,또,우
于,어조사,우
憂,근심,우
羽,깃,우
愚,어리석다,우
宇,집,우
偶,짝,우
優,넉넉하다,우
遇,만나다,우
郵,우편,우
友,벗,우
雨,비,우
牛,소,우
右,돕다,우
右,오른쪽,우
煜,빛나다,욱
頊,삼가다,욱
郁,성하다,욱
旭,아침해,욱
昱,햇빛이 밝다,욱
耘,김매다,운
隕,떨어지다,운
殞,죽다,운
芸,향풀,운
云,이르다,운
韻,울리다,운
雲,구름,운
運,옮기다,운
蔚,고을이름,울
鬱,답답하다,울
熊,곰,웅
雄 ,수컷,웅
猿,원숭이,원
鴛,원앙,원
冤,원통하다,원
媛,계집,원
瑗,구슬,원
苑,나라동산,원
袁,성씨,원
源,근원,원
援,돕다,원
怨,원망하다,원
圓,둥글다,원
員,인원,원
原,언덕,원
願,원하다,원
元,으뜸,원
院,집,원
園,동산,원
遠,멀다,원
越,넘다,월
月,달,월
萎,시들다,위
韋,가죽,위
渭,물이름,위
尉,벼슬,위
魏,성씨,위
緯,씨앗,위
違,어긋나다,위
僞,거짓,위
胃,밥통,위
謂,이르다,위
委,맡기다,위
圍,에워싸다,위
慰,위로하다,위
威,위엄,위
危,위태하다,위
衛,지키다,위
爲,하다,위
位,자리,위
偉,크다,위
喩,깨우치다,유
宥,너그럽다,유
鍮,놋쇠,유
蹂,밟다,유
癒,병이 낫다,유
諛,아첨하다,유
揄,야유하다,유
柚,유자나무,유
愉,즐겁다,유
諭,타이르다,유
游,헤엄치다,유
庾,곳집,유
庾,노적가리,유
踰,넘다,유
楡,느릅나무,유
兪,대답하다,유
愈,낫다,유
酉,닭,유
惟,생각하다,유
唯,오직,유
幽,그윽하다,유
誘,꾀다,유
裕,넉넉하다,유
悠,멀다,유
維,벼리,유
柔,부드럽다,유
幼,어리다,유
猶,오히려,유
遺,남기다,유
遊,놀다,유
儒,선비,유
乳,젖,유
油,기름,유
由,말미암다,유
有,잇다,유
肉,고기,육
育,기르다,육
允,맏이,윤
尹,성씨,윤
胤,자손,윤
鈗,창,윤
閏,윤달,윤
潤,붇다,윤
絨,가는 베,융
戎,병장기,융
戎,오랑캐,융
融,녹다,융
殷,은나라,은
垠,경계,은
誾,향기,은
隱,숨다,은
恩,은혜,은
銀,은,은
乙,새,을
蔭,그늘,음
吟,읊다,음
淫,음란하다,음
陰,그늘,음
飮,마시다,음
音,소리,음
揖,읍하다,읍
泣,울다,읍
邑,고을,읍
膺,가슴,응
鷹,매,응
凝,엉기다,응
應,응하다,응
毅,굳세다,의
擬,비기다,의
椅,의자,의
誼,정,의
宜,마땅,의
矣,어조사,의
儀,거동,의
疑,의심하다,의
依,의지하다,의
義,옳다,의
議,의논하다,의
意,뜻,의
衣,옷,의
醫,의원,의
爾,너,이
弛,늦추다,이
餌,미끼,이
痍,상처,이
姨,이모,이
珥,귀고리,이
怡,기쁘다,이
貳,두,이
貳,갖은자 두,이
伊,저,이
而,어조사,이
夷,오랑캐,이
已,이미,이
異,다르다,이
移,옳기다,이
耳,귀,이
以,써,이
二,두,이
翌,다음날,익
翊,돕다,익
翼,날개,익
益,더하다,익
咽,목구멍,인
咽,목메다,열
咽,삼키다,연
湮,묻히다,인
蚓,지렁이,인
靭,질기다,인
刃,칼날,인
寅,범,인
寅,동방,인
姻,혼인,인
忍,참다,인
仁,어질다,인
引,끌다,인
印,도장,인
認,알다,인
因,인하다,인
人,사람,인
溢,넘치다,일
佚,편안하다,월
佚,질탕,질
鎰,무게이름,일
佾,줄 춤,일
壹,한한,일
壹,갖은자 한,일
逸,편안하다,일
日,날,일
一,한,일
妊,아이를 배다,임
壬,북방,임
賃,품삯,임
任,맡기다,임
入,들다,입
剩,남다,잉
孕,아이를 배다,잉
炙,굽다,자
炙,굽다,적
藉,깔다,자
藉,핑계하다,자
瓷,사기그릇,자
蔗,사탕수수,자
煮,삶다,자
仔,자세하다,자
疵,허물,자
諮,묻다,자
滋,붇다,자
雌,암컷,자
磁,자석,자
恣,마음대로,자
恣,방자하다,자
玆,이,자
慈,사람,자
紫,자줏빛,자
刺,찌르다,자
刺,찌르다,척
姿,모양,자
姉,손윗누이,자
資,재물,자
者,사람,자
字,글자,자
自,스스로,자
子,아들,자
勺,구기,작
鵲,까치,작
綽,너그럽다,작
灼,불사르다,작
嚼,씹다,작
雀,참새,작
炸,터지다,작
芍,함박꽃,작
爵,벼슬,작
酌,술을 붓다,작
酌,잔질하다,작
昨,어제,작
作,짓다,작
棧,사다리,잔
盞,잔,잔
殘,남다,잔
箴,경계,잠
簪,비녀,잠
蠶,누에,잠
潛,잠기다,잠
暫,잠깐,잠
雜,섞이다,잡
檣,돛대,장
仗,의장,장
醬,장,장
獎,장려하다,장
薔,장미,장
匠,장인,장
漿,즙,장
杖,지팡이,장
獐,노루,장
蔣,성씨,장
庄,농막,장
璋,홀,장
墻,담,장
藏,감추다,장
粧,단장하다,장
掌,손바닥,장
莊,씩씩하다,장
丈,어른,장
臟,오장,장
葬,장사지내다,장
裝,꾸미다,장
張,베풀다,장
帳,장막,장
壯,장하다,장
腸,창자,장
障,막다,장
將,장수,장
章,글,장
場,마당,장
長,길다,장
齋,재계하다,재
齋,집,재
滓,찌끼,재
哉,어조사,재
宰,재상,재
載,싣다,재
栽,심다,재
裁,옷을 마르다,재
再,다시,재
材,재목,재
財,재물,재
災,재앙,재
在,있다,재
才,재주,재
錚 ,쇳소리,쟁
爭,다투다,쟁
豬,돼지,저
躇,머뭇거리다,저
觝,씨름,저
咀,씹다,저
狙,원숭이,저
狙,엿보다,저
詛,저주하다,저
箸,젓가락,저
邸,집,저
沮,막다,저
著,나타나다,저
抵,막다,저
底,밑,저
低,낮다,저
貯,쌓다,저
謫,귀양가다,적
狄,오랑캐,적
迹,자취,적
嫡,정실,적
滴,물방울,적
寂,고요하다,적
摘,따다,적
跡,발자취,적
蹟,자취,적
笛,피리,적
績,길쌈,적
賊,도둑,적
適,맞다,적
籍,문서,적
積,쌓다,적
敵,대적하다,적
的,과녁,적
赤,붉다,적
廛,가게,전
剪,가위,전
悛,고치다,전
箋,기록하다,전
煎,달이다,전
氈,담,전
輾,돌아눕다,전
顫,떨다,전
栓,마개,전
塡,메우다,전
癲,미치다,전
餞,보내다,전
銓,사람가리다,전
箭,화살,전
澱,앙금,전
纏,읽다,전
顚,엎드러지다,전
顚,이마,전
篆,전자,전
奠,정하다,전
奠,제사,전
甸,경기,전
殿,전각,전
轉,구르다,전
錢,돈,전
專,오로지,전
田,밭,전
典,법,전
傳,전하다,전
展,펴다,전
戰,싸움,전
電,번개,전
前,앞,전
全,온전하다,전
截,끊다,절
竊,훔치다,절
折,꺾다,절
絶,끊다,절
切,끊다,절
切,온통,체
節,마디,절
粘,붙다,점
霑,젖다,점
漸,점점,점
點,점,점
占,점령하다,점
占,점치다,점
店,가게,점
蝶,나비,접
接,잇다,접
幀,그림족자,정
睛,눈동자,정
碇,닻,정
錠,덩이,정
釘,못,정
町,밭두둑,정
挺,빼어나다,정
酊,술취하다,정
靖,편안하다,정
穽,함정,정
楨,광나무,정
旌,기,정
鄭,나라이름,정
呈,드러내다,정
晶,맑다,정
汀,물가,정
艇,배,정
禎,상서롭다,정
鼎,솥,정
偵,염탐하다,정
珽,옥이름,정
訂,바로잡다,정
貞,곧다,정
淨,깨끗하다,정
井,우물,정
頂,정수리,정
亭,정자,정
廷,조정,정
征,치다,정
整,가지런하다,정
丁,고무래,정
丁,장정,정
靜,고요하다,정
政,다스리다,정
精,정하다,정
程,한도,정
程,길,정
情,뜻,정
停,머무르다,정
庭,뜰,정
定,정하다,정
正,바르다,정
悌,공손하다,제
蹄,발굽,제
梯,사다리,제
啼,울다,제
劑,약제,제
堤,둑,제
齊,가지런하다,제
諸,모두,제
帝,임금,제
濟,건너다,제
提,끌다,제
除,덜다,제
制,절제하다,제
祭,제사,제
際,즈음,제
際,가,제
製,짓다,제
題,제목,제
第,차례,제
弟,아우,제
粗,거칠다,조
繰,고치 켜다,조
槽,구유,조
棗,대추나무,조
藻,마름,조
阻,막히다,조
遭,만나다,조
曹,무리,조
漕,배로 실어나르다,조
眺,보다,조
肇,비롯하다,조
嘲,비웃다,조
稠,빽빽하다,조
爪,손톱,조
凋,시들다,조
躁,조급하다,조
詔,알리다,조
糟,지게미,조
趙,나라이름,조
釣,낚다,조
釣,낚시,조
措,두다,조
祚,복,조
彫,새기다,조
曺,성씨,조
燥,마르다,조
弔,조상하다,조
照,비치다,조
兆,억조,조
租,세금,조
條,가지,조
潮,밀물,조
潮,조수,조
組,짜다,조
助,돕다,조
鳥,새,조
早,이르다,조
造,짓다,조
調,고르다,조
操,잡다,조
朝,아침,조
祖,할아버지,조
簇,가는 대나무,족
族,겨례,족
足,발,족
存,있다,존
尊,높다,존
猝,갑자기,졸
拙,못하다,졸
卒,마치다,졸
慫,권하다,종
踵,발꿈치,종
踪,자취,종
腫,종기,종
綜,모으다,종
琮,옥홀,종
縱,세로,종
鍾,쇠북,종
從,좇다,종
宗,마루,종
終,마치다,종
種,씨,종
挫,꺾다,좌
佐,돕다,좌
坐,앉다,좌
座,자리,좌
左,왼,좌
罪,허물,죄
註,글뜻을 풀다,주
躊,머뭇거리다,주
紬,명주,주
輳,몰려들다,주
誅,베다,주
廚,부엌,주
嗾,부추기다,주
呪,빌다,주
胄,자손,주
紂,주임금,주
做,짓다,주
駐,머무르다,주
疇,이랑,주
舟,배,주
珠,구슬,주
株,그루,주
柱,기둥,주
洲,물가,주
鑄,쇠를 불리다,주
奏,아뢰다,주
宙,집,주
周,두루,주
朱,붉다,주
酒,술,주
走,달리다,주
州,고을,주
週,돌다,주
晝,낮,주
注,붓다,주
住,살다,주
主,임금,주
主,주인,주
竹,대나무,죽
蠢,꾸물거리다,준
竣,마치다,준
樽,술통,준
浚,깊게 하다,준
濬,깊다,준
埈,높다,준
峻,높다,준
峻,준엄하다,준
晙,밝다,준
准,비준하다,준
駿,준마,준
遵,좇다,준
俊,준걸,준
準,준하다,준
仲,버금,중
衆,무리,중
重,무겁다,중
中,가운데,중
卽,곧,즉
櫛,빗,즐
葺,기울다,즙
汁,즙,즙
贈,주다,증
憎,밉다,증
曾,일찍,증
症,증세,증
蒸,찌다,증
證,증거,증
增,더하다,증
祉,복,지
咫,지척,지
摯,잡다,지
枳,탱자나무,지
枳,탱자나무,기
肢,팔다리,지
脂,기름,지
旨,뜻,지
芝,지초,지
址,터,지
只,다만,지
遲,더디다,지
遲,늦다,지
枝,가지,지
之,가다,지
池,못,지
持,가지다,지
誌,기록하다,지
智,슬기,지
智,지혜,지
指,가리키다,지
志,뜻,지
至,이르다,지
支,지탱하다,지
止,그치다,지
知,알다,지
地,땅,지
紙,종이,지
稙,올벼,직
稷,피,직
織,짜다,직
職,직분,직
直,곧다,직
疹,마마,진
嗔,성내다,진
津,나루,진
秦,성씨,진
晋,진나라,진
診,진찰하다,진
塵,티끌,진
振,떨치다,진
陳,베풀다,진
陳,묵다,진
辰,별,진
辰,때,신
震,우레,진
鎭,진압하다,진
盡,다하다,진
珍,보배,진
陣,진치다,진
進,나아가다,진
眞,참,진
迭,갈마들다,질
跌,거꾸러지다,질
叱,꾸짖다,질
嫉,미워하다,질
膣,음도,질
桎,차꼬,질
帙,책권차례,질
窒,막히다,질
姪,조카,질
疾,병,질
秩,차례,질
質,바탕,질
朕,나,짐
斟,짐작하다,짐
輯,모으다,집
執,잡다,집
集,모으다,집
澄,맑다,징
懲,징계하다,징
徵,부르다,징
叉,갈래,차
蹉,미끄러지다,차
嗟,탄식하다,차
遮,가리다,차
且,또,차
借,빌다,차
借,빌리다,차
此,이,차
差,다르다,차
次,버금,차
鑿,뚫다,착
窄,좁다,착
搾,짜다,착
捉,잡다,착
錯,어긋나다,착
着,붙다,착
纂,모으다,찬
饌,반찬,찬
篡,빼앗다,찬
撰,짓다,찬
鑽,뚫다,찬
餐,밥,찬
燦,빛나다,찬
璨,옥빛,찬
瓚,옥잔,찬
贊,돕다,찬
讚,기리다,찬
擦,문지르다,찰
刹,절,찰
札,편지,찰
察,살피다,찰
塹,구덩이,참
懺,뉘우치다,참
站,역마을,참
讖,예언,참
僭,주제넘다,참
讒,참소하다,참
斬,베다,참
慙,부끄럽다,참
慘,참혹하다,참
參,참여하다,참
參,석,삼
廠,공장,창
倡,광대,창
漲,넘치다,창
猖,미쳐날뛰다,창
艙,부두,창
瘡,부스럼,창
脹,붓다,창
愴,슬프다,창
槍,창,창
娼,창녀,창
菖,창포,창
彰,드러나다,창
敞,시원하다,창
滄,큰 바다,창
昶,해 길다,창
暢,화창하다,창
倉,곳집,창
昌,창성하다,창
蒼,푸르다,창
創,비롯하다,창
唱,부르다,창
窓,창,창
寨,목책,채
埰,사패지,채
蔡,성씨,채
采,풍채,채
菜,나물,채
債,빚,채
彩,채색,채
採,캐다,채
柵,울타리,책
策,꾀,책
冊,책,책
責,꾸짖다,책
凄,쓸쓸하다,처
悽,슬퍼하다,처
妻,아내,처
處,곳,처
擲,던지다,척
脊,등마루,척
滌,씻다,척
瘠,여위다,척
陟,오르다,척
隻,외짝,척
斥,물리치다,척
拓,넓히다,척
拓,박다,탁
尺,자,척
戚,친척,척
穿,뚫다,천
擅,멋대로하다,천
闡,밝히다,천
喘,숨차다,천
釧,팔찌,천
薦,천거하다,천
踐,밟다,천
淺,얕다,천
遷,옮기다,천
賤,천하다,천
泉,샘,천
川,내,천
千,일천,천
天,하늘,천
轍,바퀴자국,철
凸,볼록하다,철
綴,엮다,철
撤,거두다,철
澈,맑다,철
喆,밝다,철
喆,쌍길,철
哲,밝다,철
徹,통하다,철
鐵,쇠,철
僉,다,첨
僉,여러,첨
諂,아첨하다,첨
籤,제비,첨
瞻,보다,첨
添,더하다,첨
尖,뾰족하다,첨
疊,거듭,첩
帖,문서,첩
貼,붙이다,첩
捷,빠르다,첩
牒,편지,첩
諜,염탐하다,첩
妾,첩,첩
晴,개다,첩
廳,관청,청
聽,듣다,청
請,청하다,청
淸,맑다,청
靑,푸르다,청
涕,눈물,체
諦,살피다,체
締,맺다,체
遞,갈리다,체
替,바꾸다,체
逮,잡다,체
滯,막히다,체
體,몸,체
梢,나무 끝,초
樵,나무하다,초
貂,담비,초
炒,볶다,초
礁,암초,초
稍,점점,초
醋,식초,초
憔,파리하다,초
蕉,파초,초
硝,화약,초
哨,망보다,초
楚,초나라,초
焦,타다,초
秒,까끄라기,초
抄,뽑다,초
肖,닮다,초
肖,같다,초
超,뛰어넘다,초
礎,주춧돌,초
招,부르다,초
初,처음,초
草,풀,초
囑,부탁하다,촉
蜀,나라이름,촉
燭,촛불,촉
觸,닿다,촉
促,재촉하다,촉
忖,헤아리다,촌
村,마을,촌
寸,마디,촌
叢,떨기,총
叢,모이다,총
塚,무덤,총
寵,사랑하다,총
聰,귀가 밝다,총
總,다,총
銃,총,총
撮,모으다,촬
撮,사진을 찍다,촬
崔,성씨,최
崔,높다,최
催,재촉하다,최
最,가장,최
芻,꼴,추
墜,떨어지다,추
鰍,미꾸라지,추
錐,송곳,추
鎚,쇠망치,추
椎,쇠몽치,추
椎,쇠골,추
酋,우두머리,추
錘,저울추,추
樞,지도리,추
楸,가래,추
趨,달아나다,추
鄒,추나라,추
抽,뽑다,추
醜,추하다,추
追,쫓다,추
追,따르다,추
推,밀다,추
秋,가을,추
軸,굴대,축
蹴,차다,축
丑,소,축
逐,쫓다,축
畜,짐승,축
縮,줄이다,축
蓄,모으다,축
築,쌓다,축
祝,빌다,축
椿,참죽나무,춘
春,봄,춘
黜,내치다,출
出,나다,출
衷,속마음,충
沖,화하다,충
衝,찌르다,충
蟲,벌레,충
忠,충성,충
充,채우다,충
萃,모으다,췌
膵,췌장,췌
悴,파리하다,췌
贅,혹,췌
脆,연하다,취
娶,장가들다,취
翠,푸르다,취
翠,물총새,취
聚,모으다,취
炊,불을 때다,취
臭,냄새,취
吹,불다,취
醉,취하다,취
就,나아가다,취
趣,뜻,취
取,가지다,취
惻,슬프다,측
側,곁,측
測,헤아리다,측
層,층,층
幟,기,치
馳,달리다,치
嗤,비웃다,치
緻,빽빽하다,치
侈,사치하다,치
熾,성하다,치
癡,어리석다,치
痔,치질,치
雉,꿩,치
峙,언덕,치
値,값,치
恥,부끄럽다,치
稚,어리다,치
治,다스리다,치
置,두다,치
齒,이,치
致,이르다,치
勅,칙서,칙
則,법칙,칙
則,곧,즉
親,친하다,친
漆,옻,칠
七,일곱,칠
砧,다듬잇돌,침
鍼,침,침
枕,베개,침
沈,잠기다,침
沈,성씨,심
浸,잠기다,침
針,바늘,침
寢,자다,침
侵,침노하다,침
蟄,숨다,칩
秤,저울,칭
稱,일컫다,칭
快,쾌하다,쾌
惰,게으르다,타
楕,길고 둥글다,타
駝,낙타,타
陀,비탈지다,타
陀,부처,타
唾,침,타
舵,키,타
墮,떨어지다,타
妥,온당하다,타
他,다르다,타
打,치다,타
鐸,방울,탁
擢,뽑다,탁
琢,다듬다,탁
託,부탁하다,탁
托,맡기다,탁
濯,씻다,탁
濁,흐리다,탁
卓,높다,탁
憚,꺼리다,탄
呑,삼키다,탄
綻,터지다,탄
坦,평탄하다,탄
灘,여울,탄
誕,낳다,탄
誕,거짓,탄
歎,탄식하다,탄
彈,탄알,탄
炭,숯,탄
奪,빼앗다,탈
脫,벗다,탈
眈,노려보다,탐
耽,즐기다,탐
貪,탐내다,탐
探,찾다,탐
搭,타다,탑
塔,탑,탑
蕩,방탕하다,탕
宕,호탕하다,탕
湯,끓다,탕
跆,밟다,태
笞,볼기를 치다,태
苔,이끼,태
汰,미끄러지다,태
兌,바꾸다,태
兌,기쁘다,태
台,별,태
胎,아이를 배다,태
颱,태풍,태
怠,게으르다,태
殆,거의,태
泰,크다,태
態,모습,태
太,크다,태
澤,못,택
擇,가리다,택
宅,집,택
撐,버리다,탱
攄,펴다,터
兔,토끼,토
吐,토하다,토
討,치다,토
土,흙,토
慟,서러워하다,통
桶,통,통
筒,통,통
痛,아프다,통
統,거느리다,통
通,통하다,통
腿,넓적다리,퇴
頹,무너지다,퇴
褪,바래다,퇴
堆,쌓다,퇴
槌,치다,추
槌,방망이,퇴
退,물러나다,퇴
妬,샘내다,투
套,씌우다,투
透,사무치다,투
投,던지다,투
鬪,싸움,투
慝,사특하다,특
特,특별하다,특
爬,긁다,파
巴,꼬리,파
琶,비파,파
跛,절름발이,파
跛,비스듬히 서다,피
芭,파초,파
婆,할머니,파
坡,언덕,파
罷,마치다,파
播,뿌리다,파
頗,자못,파
把,잡다,파
派,갈래,파
破,깨뜨리다,파
波,물결,파
辦,힘들이다,판
阪,언덕,판
販,팔다,판
版,판목,판
判,판단하다,판
板,널,판
八,여덟,팔
悖,거스르다,패
沛,비가 쏟아지다,패
唄,염불 소리,패
佩,차다,패
牌,패,패
稗,피,패
霸,으뜸,패
貝,조개,패
敗,패하다,패
澎,물소리,팽
膨,불다,팽
彭,성씨,팽
愎,강퍅하다,퍅
騙,속이다,편
鞭,채찍,편
扁,작다,편
遍,두루,편
編,엮다,편
片,조각,편
偏,치우치다,편
篇,책,편
便,편하다,편
便,똥오줌,변
貶,낮추다,폄
萍,부평초,평
坪,들,평
評,평하다,평
平,평평하다,평
陛,대궐 섬돌,폐
斃,죽다,폐
蔽,덮다,폐
幣,화폐,폐
弊,폐단,폐
弊,해지다,폐
廢,폐하다,폐
廢,버리다,폐
肺,허파,폐
閉,닫다,폐
泡,거품,포
咆,고함지르다,포
褒,기리다,포
匍,길,포
逋,도망가다,포
袍,도포,포
哺,먹이다,포
疱,물집,포
蒲,부들,포
庖,부엌,포
圃,채마밭,포
脯,포,포
抛,던지다,포
怖,두려워하다,포
鮑,절인 물고기,포
鋪,펴다,포
鋪,가게,포
葡,포도,포
飽,배부르다,포
抱,안다,포
浦,물가,포
捕,잡다,포
胞,세포,포
砲,대포,포
布,베,포
布,펴다,포
布,보시,보
包,싸다,포포
曝,쪼이다,폭
曝,쪼이다,포
瀑,폭포,폭
瀑,소나기,포
幅,폭,폭
爆,불이 터지다,폭
暴,사납다,폭
暴,모질다,포
剽,겁박하다,표
慓,급하다,표
飄,나부끼다,표
豹,표범,표
杓,복두 자루,표
漂,떠다니다다,표
標,표하다,표
票,표,표
表,겉,표
稟,여쭙다,품
品,물건,품
諷,풍자하다,풍
楓,단풍,풍
豊,풍년,풍
風,바람,풍
披,헤치다,피
皮,가죽,피
被,입다,피
彼,저,피
疲,피곤하다,피
避,피하다,피
疋,필,필
弼,돕다,필
匹,짝,필
畢,마치다,필
必,반드시,필
筆,붓,필
乏,모자라다,핍
逼,핍박하다,핍
霞,노을,하
蝦,두꺼비,하
蝦,새우,하
遐,멀다,하
瑕,허물,하
荷,메다,하
何,어찌,하
賀,하례하다,하
河,물,하
下,아래,하
夏,여름,하
壑,구렁,학
瘧,말라리아,학
謔,희롱하다,학
虐,모질다,학
鶴,학,학
學,배우다,학
罕,드물다,한
澣,빨래하다,한
澣,열흘,한
悍,사납다,한
翰,편지,한
旱,가물다,한
汗,땀,한
邯,조나라 서울,한
邯,사람 이름,감
恨,한,한
閑,한가하다,한
限,한하다,한
寒,차다,한
漢,한수,한
漢,한나라,한
韓,한국,한
韓,나라,한
轄,다스리다,할
割,베다,할
檻,난간,함
緘,봉하다,함
喊,소리치다,함
銜,재갈,함
涵,젖다,함
鹹,짜다,함
函,함,함
艦,큰 배,함
咸,다,함
含,머금다,함
陷,빠지다,함
蛤,조개,합
盒,합,합
合,합하다,합
肛,항문,항
缸,항아리,항
沆,넓다,항
亢,높다,항
巷,거리,항
項,항목,항
恒,항상,항
抗,겨루다,항
航,배,항
港,항구,항
懈,게으르다,해
咳,기침,해
駭,놀라다,해
楷,본보기,해
骸,뼈,해
邂,우연히 만나다,해
偕,함께,해
諧,화하다,해
該,갖추다,해
該,마땅하다,해
亥,돼지,해
奚,어찌,해
解,풀다,해
害,해하다,해
海,바다,해
劾,꾸짖다,핵
核,씨,핵
杏,살구,행
行,다닐,행
行,항렬,항
幸,다행,행
嚮,길잡다,향
饗,잔치하다,향
享,누리다,향
響,울리다,향
鄕,시골,향
香,향기,향
向,향하다,향
噓,불다,허
墟,터,허
虛,비다,허
許,허락하다,허
軒,집,헌
獻,드리다,헌
憲,법,헌
歇,쉬다,헐
險,험하다,험
驗,시험하다,험
爀,불빛,혁
赫,빛나다,혁
革,가죽,혁
絢,무늬,현
眩,어지럽다,현
衒,자랑하다,현
峴,고개,현
炫,밝다,현
鉉,솥귀,현
弦,활시위,현
縣,고을,현
絃,줄,현
玄,검다,현
懸,달다,현
顯,나타나다,현
賢,어질다,현
現,나타나다,현
穴,굴,혈
血,피,혈
嫌,싫어하다,혐
挾,끼다,협
頰,뺨,협
俠,의기롭다,협
狹,좁다,협
峽,골짜기,협
脅,위협하다,협
協,화합하다,협
陜,좁다,협
陜,땅이름,합
荊,가시,형
馨,꽃답다,형
型,모형,형
瀅,물이 맑다,형
瑩,밝다,형
瑩,옥돌,영
炯,빛나다,형
邢,성씨,형
螢,반딧불,형
亨,형통하다,형
衡,저울대,형
刑,형벌,형
形,모양,형
兄,형,형
彗,살별,혜
醯,식혜,혜
兮,어조사,혜
慧,슬기롭다,혜
惠,은혜,혜
瑚,산호,호
狐,여우,호
糊,풀칠하다,호
琥,호박,호
弧,활,호
澔,넓다,호
扈,따르다,호
晧,밝다,호
祜,복,호
昊,하늘,호
壕,해자,호
鎬,호경,호
濠,호주,호
皓,희다,호
互,서로,호
乎,어조사,호
毫,터럭,호
浩,넓다,호
胡,오랑캐,호
虎,범,호
豪,호걸,호
護,돕다,호
呼,부르다,호
好,좋다,호
戶,집,호
湖,호수,호
號,이름,호
酷,심하다,혹
惑,미혹하다,혹
或,혹,혹
渾,흐리다,혼
昏,어둡다,혼
魂,넋,혼
混,섞다,혼
婚,혼인하다,혼
笏,홀,홀
惚,황홀하다,홀
忽,갑자기,홀
哄,떠들썩하다,홍
虹,무지개,홍
訌,어지럽다,홍
泓,물이 깊다,홍
鴻,기러기,홍
弘,크다,홍
洪,넓다,홍
紅,붉다,홍
樺,벚나무,화
樺,자작나무,화
靴,신발,화
嬅,탐스럽다,화
禾,벼,화
禍,재앙,화
華,빛나다,화
貨,재물,화
化,되다,화
畫,그림,화
畫,긋다,획
和,화하다,화
花,꽃,화
話,말씀,화
火,불,화
穫,거두다,확
擴,넓히다,확
確,굳다,확
驩,기뻐하다,환
宦,벼슬,환
喚,부르다,환
鰥,홀아비,환
桓,굳세다,환
煥,빛나다,환
幻,헛보이다,환
丸,둥글다,환
還,돌아오다,환
換,바꾸다,환
環,고리,환
歡,기쁘다,환
患,근심,환
猾,교활하다,활
闊,넓다,활
滑,미끄럽다,활
滑,익살스럽다,골
活,살다,활
遑,급하다,황
惶,두렵다,황
凰,봉황,황
煌,빛나다,황
慌,어리둥절하다,황
徨,헤매다,황
恍,황홀하다,황
滉,깊다,황
晃,밝다,황
荒,거칠다,황
皇,임금,황
況,상황,황
黃,누르다,황
誨,가르치다,회
繪,그림,회
晦,그믐,회
恢,넓다,회
徊,머뭇거리다,회
賄,재물,회
賄,뇌물,회
膾,회,회
蛔,회충,회
廻,돌다,회
淮,물이름,회
檜,전나무,회
悔,뉘우치다,회
懷,품다,회
灰,재,회
回,돌아오다,회
會,모이다,회
劃,긋다,획
獲,얻다,획
橫,가로,횡
爻,사귀다,효
爻,가로긋다,효
酵,삭히다,효
哮,성내다,효
嚆,울리다,효
曉,새벽,효
效,본받다,효
孝,효도,효
逅,만나다,후
嗅,맡다,후
朽,썩다,후
吼,울부짖다,후
喉,목구멍,후
后,임금,후
后,왕후,후
侯,제후,후
候,기후,후
厚,두텁다,후
後,뒤,후
暈,무리,훈
勳,공,훈
熏,불길,훈
壎,질나발,훈
薰,향풀,훈
訓,가르치다,훈
喧,지껄이다,훼
喙,부리,훼
卉,풀,훼
毁,헐다,훼
麾,기,휘
彙,무리,휘
諱,숨기다,휘
諱,꺼리다,휘
徽,아름답다,휘
輝,빛나다,휘
揮,휘두르다,휘
烋,아름답다,휴
携,이끌다,휴
休,쉬다,휴
恤,불쌍하다,휼
洶,용솟음치다,흉
兇,흉악하다,흉
匈,오랑캐,흉
胸,가슴,흉
凶,흉하다,흉
黑,검다,흑
欣,기쁘다,흔
痕,흔적,흔
欠,하품,흠
歆,흠향하다,흠
欽,공경하다,흠
恰,흡사하다,흡
洽,흡족하다,흡
吸,마시다,흡
興,일다,흥
犧,희생하다,희
姬,계집,희
憙,기뻐하다,희
禧,복,희
羲,복희,희
熹,빛나다,희
熙,빛나다,희
嬉,아름답다,희
噫,한숨을 쉬다,희
戲,놀이,희
稀,드물다,희
喜,기쁘다,희
希,바라다,희
詰,꾸짖다,힐